<?xml version="1.0" encoding="UTF-8"?>
<project-private xmlns="http://www.netbeans.org/ns/project-private/1">
    <editor-bookmarks xmlns="http://www.netbeans.org/ns/editor-bookmarks/2" lastBookmarkId="0"/>
    <open-files xmlns="http://www.netbeans.org/ns/projectui-open-files/2">
        <group>
            <file>file:/C:/Users/Pedro%20Lopez%20R/Documents/NetBeansProjects/GestionC/src/gestionc/ConexionBd.java</file>
            <file>file:/C:/Users/Pedro%20Lopez%20R/Documents/NetBeansProjects/GestionC/src/FormularioGestor/CreateFormulario.java</file>
        </group>
    </open-files>
</project-private>
